{
  "accuracy": 0.9126984126984127,
  "precision": 0.8941176470588236,
  "recall": 0.9743589743589743,
  "f1": 0.9325153374233128
}